name;category;item_id
jam monster blueberry;Creamy liquid;1
jam monster strwberry;Creamy liquid;2
Caliburn gz2 pod;pod system;3
cookies & cream 100ml;Creamy liquid;4
mora;Creamy liquid;5
rasa sukses;Creamy liquid;6
tripple double;Creamy liquid;7
chiken dinner 100ml;Creamy liquid;8
crank;Creamy liquid;9
es permen karet salt 30ml;saltnic;10
komodo liquid 60ml;Creamy liquid;11
luna hero57 60ml;Creamy liquid;12
pocky q strwberry;Creamy liquid;13
Caliburn az3 pod;pod system;14
coffemel 60ml;Creamy liquid;15
yeushsbshwiw;Creamy liquid;16
marshmallowman;Creamy liquid;17
fla strwberry;Creamy liquid;18
bule nana;Creamy liquid;19
hype juice;fruity liquid;20
iceberg 60ml;fruity liquid;21
maui nanas;fruity liquid;22
golden sponge 60ml;Creamy liquid;23
es kopyor 30ml;fruity liquid;24
icebox sop;fruity liquid;25
hawwaian cocktail;fruity liquid;26
kill child mix fruity;fruity liquid;27
Rpm C kit;device;28
rincoe mechman;device;29
druga rda authentic;atomizer;30
goon clone rta;atomizer;31
phoenix wire 28;tools;32
pasito coil dtl;pod system;33
pasito coil mtl;pod system;34
catdrige upods;pod system;35
coil exceed freebase;pod system;36
gunting lipat;tools;37
basen charger ;tools;38
ud nichrome;tools;39
nichrome geek vape;tools;40
flava ;tools;41
atomix luxury;tools;42
holly fiber kapas;tools;43
Liqueen 60ml;Creamy;44
cellu;tools;45
cotton bacon prime;tools;46
blackcell batre 3000mah;tools;47
batre kdest 3100mah;tools;48
batrevapcell 2600;tools;49
twisted sundae;Creamy liquid;50
grappy 60ml;fruity liquid;51
majorca;Creamy liquid;52
khalifa 60ml;fruity liquid;53
mighty 60ml;fruity liquid;54
renova zero pod;pod system;55
blueberry jam 60ml;Creamy liquid;56
komodo ez dripper 15ml;device;57
mallowlicios;Creamy liquid;58
screwbacco 60ml;Creamy liquid;59
salt honeydew;pod system;60
Milk banana/honeydew 60ml;Creamy liquid;61
Dewa roman picisan 60ml;Creamy;62
artha v1 clone rda;atomizer;63
nanuna ;Creamy liquid;64
lcv 60ml;Creamy liquid;65
Kawa kawa salt 30ml;saltnic;66
slowblow salt 30ml;pod system;67
pocky q oreo;Creamy liquid;68
bananalicios salt 15ml;pod system;69
grappy salt 30ml;pod system;70
renova zero catdrige;pod system;71
alexa rda 22;atomizer;72
rincoe manto s;device;73
o rama 100ml;Creamy liquid;74
coiling;tools;75
warp batre;tools;76
drag catdrige pod salt;tools;77
wasp nano rda singel;atomizer;78
susu bro 60ml;Creamy liquid;79
ufa;Creamy liquid;80
bule bolu 60ml;Creamy liquid;81
salt mild strwberry cheese cake;pod system;82
pocky q salt;pod system;83
golden layers salt 30ml;pod system;84
coffe culture salt;pod system;85
rba pasito;pod system;86
X1 liquid 60ml;Creamy liquid;87
bucks bake;Creamy liquid;88
dark luna 60ml;Creamy liquid;89
arcana 60ml;Creamy liquid;90
lemon poundcake;Creamy liquid;91
bananalicios 60ml ;Creamy liquid;92
snake head;Creamy liquid;93
berry hanna salt 30ml;saltnic;94
red wine;pod system;95
smok nord coil;Creamy liquid;96
lisbspabsbw;Creamy liquid;97
nyx 60ml;fruity liquid;98
smoant naboo mod;device;99
druga foxy resin;device;100
Foom breeze 60ml;fruity liquid;101
Relx Essential pod;pod system;102
smoant pasito;pod system;103
smok nord 2 kit pod;pod system;104
king reserve 60ml;Creamy liquid;108
rincoe manto mini;device;109
wwwwwww;Creamy liquid;110
caliburn gk2 vision pod;pod system;111
hangover;fruity liquid;112
slowblow 15ml;pod system;113
Morning star/beng 60ml;Creamy liquid;114
exo 60ml;fruity liquid;115
catdrige karat;pod system;116
tang potong plato;tools;117
Level up salt 15ml;saltnic;118
Pingu 60ml;Creamy liquid;119
twezzer ceramic;tools;120
mango poundcake;Creamy liquid;121
gula cuukies;Creamy liquid;122
creamy panda;Creamy liquid;123
Creme & crime 60ml;Creamy liquid;124
Kdest 2400mah;tools;125
hey taro;Creamy liquid;126
Rilla fruity 60ml;fruity liquid;127
public salt 15ml;pod system;128
preco tank;tools;129
exo salt 30ml;pod system;130
aegis legend mod;device;131
artery coil pod;pod system;132
arnayisbs;pod system;133
akk alien;tools;134
tesla inv 4x mod;device;135
emoji mod gondala;device;136
clapon pro;tools;138
golden tiket;Creamy liquid;139
cub mod ;device;140
mallow cookies;Creamy liquid;141
sunrise salt;pod system;142
runa/rina  liquid;Creamy liquid;143
alden liquid;Creamy liquid;144
mangopy 60ml;fruity liquid;146
awt 24000mah;tools;147
drop dual;atomizer;148
speed bunny 60ml;Creamy liquid;149
salt mangopy 30ml;pod system;150
Sundae 60ml;Creamy liquid;151
artha v2 authentic;atomizer;152
pb jam monster;Creamy liquid;153
lyra pod;pod system;154
lyra coil;pod system;155
drag 2 mod platinum;device;156
jellybox xz 228w mod;device;157
voodo 60ml;fruity liquid;158
pearles rda clone;atomizer;159
maddog rda clone;atomizer;160
cup corn 60ml;Creamy liquid;161
Dinoy v2 rda;device;162
Ndjdked;Creamy liquid;163
Ksajs;Creamy liquid;165
alacarte 100ml;Creamy liquid;166
....;pod system;167
thumb catdrige;pod system;168
kubi catdrige;pod system;169
jam monster 100ml;Creamy liquid;170
black honey;fruity liquid;171
exceed grip catdrige standar;pod system;172
dragon cloud 60ml;Creamy liquid;173
...;pod system;174
kill child mango;fruity liquid;175
hookla liquid 60ml;Creamy liquid;176
fruitylicios 60ml;fruity liquid;177
drop v2 rda dual coil;atomizer;178
Netral 60ml;Creamy liquid;179
exceed grip zoo;pod system;180
gear box mod;device;181
candyman fruity 60ml;fruity liquid;182
mod hotcig r233 vrk;device;183
athena liquid;Creamy liquid;184
enigma salt 30ml;saltnic;185
salt sugar strwberry;pod system;186
rda goon 24 authentic;atomizer;187
blackcell charger;tools;188
caliburn a3s ct;catridge;189
grrt444;fruity liquid;190
cream 8 100ml;Creamy liquid;191
jam monster raspberry;Creamy liquid;192
komodo bc2 charger;tools;193
Pokkibro 60ml;Creamy liquid;194
pulse aio mini;pod system;195
furla salt 30ml;pod system;196
bolu lapis talas keju;Creamy liquid;197
salt lemon candy;pod system;198
pod stalker;pod system;199
stalker catdrige;pod system;201
foom strawberry ice 60ml;Creamy liquid;202
resushshshsw;pod system;203
karet pod kecil;tools;204
..;tools;205
tokugawa clone;atomizer;206
Copy paste 60ml;Creamy;207
vtc 4 batre;tools;208
rda obs cheetah;atomizer;209
Nyc salt 30ml;saltnic;210
gear rta;atomizer;211
rjhrg;Creamy liquid;212
Ice foria 60ml;fruity liquid;213
Bold coffe salt 30ml;saltnic;214
Drip tip 810 ;tools;215
drag pod;pod system;216
ysushsbs;fruity liquid;217
sago desert;Creamy liquid;218
lolipop salt;pod system;219
indonesia vs everybody salt;pod system;220
pembersih kawat brush;tools;221
caliburn koko/stik catdrige;pod system;222
vapor strom puma;device;223
kiwari liquid;Creamy liquid;224
caliburn stik pod;pod system;226
lanyard 3 karet;tools;227
reload x authentic;atomizer;228
Doric Q pod;pod system;229
Hiro royal cookies 60ml;Creamy liquid;230
Fairy candy 60ml;fruity liquid;231
caffa vanilla cereal ;Creamy liquid;232
salt lab 51 15ml;pod system;233
kane ramume;Creamy liquid;234
pulse vessel rba;tools;235
pistachio liquid;Creamy liquid;236
angels  ;Creamy liquid;237
alove salt 30ml;Creamy liquid;238
wd liquid 60ml;Creamy liquid;239
banana dance;Creamy liquid;240
cap semut blackbeer;Creamy liquid;241
bahasa liquid salt;Creamy liquid;242
vanilla custard;Creamy liquid;243
nyx salt 30ml;pod system;244
poinnisnsnwiana;device;245
mango ice;fruity liquid;246
minus two salt 30ml;saltnic;247
coil gear batre;tools;248
shaker strwberry;Creamy liquid;249
sunset trip  salt;pod system;250
berrylicious;Creamy liquid;251
permen karet salt 30ml;pod system;252
khalifa salt 15ml;pod system;253
ijoy mercury pod;pod system;254
nova rta;atomizer;255
air drop salt;pod system;256
reload s authentic;atomizer;257
legalized coil dual;tools;258
legalized coil singel;tools;259
sansekerta liquid;Creamy liquid;260
berry bagels;Creamy liquid;261
luxe dougnut;Creamy liquid;262
noir magnum;Creamy liquid;263
artha v2 clone;atomizer;264
robot brewer;Creamy liquid;265
Zootech d4 charger ;tools;266
mr coffe 60ml;Creamy liquid;267
bad bunny 60ml;Creamy liquid;268
pony milk;Creamy liquid;269
yellow liquid 100ml;Creamy liquid;270
blotto mini rta;atomizer;271
Rilla 60ml;Creamy liquid;272
noah liquid;Creamy liquid;273
milk strwberry;Creamy liquid;274
tasty o;Creamy liquid;275
pastry smith 60ml;Creamy liquid;276
artery pal 3 pod;pod system;277
Brewtender 60ml;Creamy;278
ops 1 pod;pod system;279
madeline tobaco;Creamy liquid;280
atomix premium blend v2;tools;281
atomix cotton;tools;282
bad bunny salt 15ml;pod system;283
lemon poundcake salt;pod system;284
cookies & cream salt;Creamy liquid;285
atomix kawat 26 , 28;tools;286
lanyard 25000;tools;287
aegis  solo mod;device;288
pod rincoe tix;pod system;289
coil exceed grip salt;pod system;290
vapcell batre 3600mah;tools;291
milk bananas/honedew/vanilla salt 30ml;pod system;292
BBM 60ml;Creamy liquid;294
sumo 60ml;Creamy liquid;295
obs x mod;atomizer;296
mimo pod;pod system;297
mimo pod catdrige;pod system;298
saltnic bahasa;tools;301
 killer salt 30ml;pod system;302
mantul liquid 100ml;fruity liquid;304
hangout ;fruity liquid;305
vtc 5a batre;tools;306
vtc 6 batre;tools;307
hermes ;Creamy liquid;308
iswitch pod polos;pod system;309
hannya airtok ct;tools;311
coil rincoe tix pod ;pod system;312
catdrige smok nord + col;pod system;313
zeus arben;Creamy liquid;314
bananalicious 60ml 9mg;Creamy liquid;315
blooties 100ml;Creamy liquid;316
Rilla rda;atomizer;317
tokyo banana signature 60ml;Creamy liquid;318
pemium mochi original;Creamy liquid;319
ejm salt 15ml;Creamy liquid;320
Lakwwjshshwuuw;pod system;322
waimaeri  60ml;fruity liquid;323
gummypy salt;pod system;324
British liquid;Creamy liquid;325
forky 60ml;Creamy liquid;326
royal custard ;Creamy liquid;327
JRX Signature butterscoth;Creamy liquid;328
monkey boys;Creamy liquid;329
bolu lapis talas bogor;Creamy liquid;330
chocho blast;Creamy liquid;331
mondial es krim;Creamy liquid;332
creamy promo 110;Creamy liquid;333
flappy 60ml;Creamy liquid;334
Qgsgsssywhevs;Creamy liquid;335
julia mango;fruity liquid;336
mango dance 60ml;fruity liquid;337
brizz liquid;fruity liquid;338
Nippon shibuya 60ml;Creamy liquid;339
moods salt;pod system;340
rumble salt;pod system;341
candi dta;atomizer;343
cherry belle salt;pod system;344
swtch salt 15ml;pod system;345
satu nusa salt;pod system;346
kyoto vanilla salt;pod system;347
Side kick salt;pod system;348
osaka salt;pod system;349
home town salt;pod system;350
csmnt v2 rda authentic;atomizer;351
pandora pod;pod system;352
preco mtl;pod system;353
eh bsgxvdsin;pod system;354
lunar hexohm strwberry 60ml;Creamy liquid;355
Jam monster salt;pod system;356
wuwhsisbs;pod system;357
indonesia vs everybody 60ml;Creamy liquid;358
ada liquid;Creamy liquid;359
vierratale 60ml;Creamy liquid;360
biden catdrge;pod system;361
zoo/teros  one catdrige;tools;362
smok rpm coil;tools;363
druga narada coil;pod system;364
cadrige pod packers;tools;365
pandora catdrige;tools;366
catdrge smoant pasito;pod system;367
oukitel coil;pod system;368
jester coil;pod system;369
KZ wire singel;tools;370
smok RPM 40w pod;pod system;371
el hielo 60ml;pod system;372
rta zeus x ;atomizer;373
candyman crunch 100ml;Creamy liquid;374
Degil 60ml;Creamy;375
uuuujsns;atomizer;376
berry berry grape salt;pod system;377
vaporesso gen mod 200;device;378
aqua salt 15ml;pod system;379
satu 100ml;Creamy liquid;380
teros one pod;pod system;381
Crush candy salt 30ml;saltnic;382
catdrige smok rpm/nord 40;tools;383
muse rda;pod system;384
ice pedia 60ml;fruity liquid;385
rda clone csmnt;tools;386
Pokkibro 100ml;Creamy liquid;387
drip coffee 60ml;Creamy liquid;388
soda dessert;Creamy liquid;389
emoji mod ;device;390
dragon cloud salt 15ml;pod system;391
golden cookie;Creamy liquid;394
no cloud salt ;pod system;395
rba smok rpm;tools;396
kosa kata ;Creamy liquid;397
bubble pedia salt 30ml;fruity liquid;398
mellow cookies ;Creamy liquid;399
rex berry;Creamy liquid;400
moti play pod;pod system;401
smoant battlestar baby pod;pod system;402
oreo chesecake ;Creamy liquid;404
druga narada pod;pod system;405
Magic cake 60ml;Creamy liquid;406
coil battlestar baby;tools;407
Grhehehe;pod system;408
jester pod;pod system;409
exceed silicone;tools;410
..;tools;411
bolu lapis talas salt;pod system;412
baby jam liquid;Creamy liquid;413
oukitel pod;pod system;414
dreamy vanilla liquid;Creamy liquid;415
sambora liquid;fruity liquid;416
iswitch pod resin;pod system;417
lakley liquid 60ml;Creamy liquid;418
cloud niners liquid 60ml;fruity liquid;419
ticket 60ml;fruity liquid;420
ammc mango blackcurant;fruity liquid;421
adam hawa liquid;Creamy liquid;423
zoo rda;atomizer;424
iswitch catdrige;pod system;425
Tokyo bean 60ml;Creamy liquid;426
stay puffed;Creamy liquid;427
kremo liquid;Creamy liquid;428
flufy unicorn;Creamy liquid;429
vinci r pod;pod system;430
blood seeker;Creamy liquid;431
volta kit;device;432
sunkiss grape;pod system;433
mochi matcha;Creamy liquid;434
charger awt c2 ;tools;435
magma mate mod;device;436
wasp nano rta v1/v2;atomizer;437
ejm funky monkey salt 30ml;pod system;438
aegis x mod;device;439
voopo vinci 40w ;device;440
cherrybelle 60ml;fruity liquid;441
golden layers 60ml;Creamy liquid;442
lovarian liquid;Creamy liquid;443
KZ wire dual;tools;444
vladin catdrige;pod system;445
voopo vinci coil;pod system;446
slowblow 60ml;fruity liquid;447
..;pod system;448
smok fetch 2;pod system;449
kendo kapas;tools;450
lanyard yurika;tools;451
coil master v4;tools;452
Gdueuehrh;fruity liquid;453
loca poca ;Creamy liquid;454
hangout salt;pod system;455
permen salt 15ml;pod system;456
iced coffe salt;pod system;457
sugar 60ml;Creamy liquid;458
catdrige rincoe tix;tools;459
gummypy 60ml;pod system;460
Space cake 60ml;Creamy liquid;461
mox strawberry dragon;Creamy liquid;462
pops treats;Creamy liquid;463
Solus G pod;pod system;464
sweet pot 6mg;Creamy liquid;465
sayonara;Creamy liquid;466
star salt;pod system;467
furla 60ml;Creamy liquid;468
salt juggernut;pod system;469
alacarte salt 30ml;Creamy liquid;470
permen kaki 60ml;Creamy liquid;471
salt taro;pod system;472
real salt 30ml ;pod system;473
salt packer;pod system;474
salt frozen paradise;fruity liquid;475
red ties;Creamy liquid;476
uwell amuled jam;pod system;477
battlestar nano kit;tools;478
alacarte salt 15ml;pod system;479
enigma 60ml;Creamy liquid;480
pimp juice buttersco;Creamy liquid;481
milch;Creamy liquid;482
badjigur;Creamy liquid;483
rvr liquid;Creamy liquid;484
white bunny;Creamy liquid;485
..;fruity liquid;486
grape berry/lychee 60ml;fruity liquid;487
vinci x pod ;pod system;488
zoo pod;pod system;489
hexohm mod v3;device;490
vladdin pod;pod system;491
snowwolf mod;device;492
smok h prive;device;493
mechman nano;device;494
waimaire salt;pod system;495
vtc 6a;tools;496
vapcell charger q2s;tools;497
druga narada rba;tools;498
artery aio coil;tools;499
narada catdrige;pod system;500
salt beoni poundcake;pod system;501
coffemel salt 30ml;pod system;502
golden tiket salt;pod system;503
Robacks 60 ml;Creamy;504
iceberg salt 15ml;pod system;505
star liquid salt;pod system;506
salt lxxy;pod system;507
gum gum salt ;pod system;508
ngeboel salt;pod system;509
mangopy/grappy salt 15ml;pod system;510
drag 4 mod;device;511
Kim aio;tools;512
premium donuts legend 60ml;Creamy liquid;513
El hielo 30ml salt;pod system;514
wice salt 30ml;saltnic;515
Dairy chocolate milk salt 30ml;saltnic;516
Kuy pod v2;pod system;517
Kuy catdrige;pod system;518
Sultan liquid;Creamy liquid;519
Luna hero57 salt 30ml;saltnic;520
Catdrige nord;tools;521
Artery catdrige;tools;522
vaporesso gen 80s kit;pod system;523
Catdrige uwell jam;tools;524
Creamy loops;Creamy liquid;525
Tokyoman 60ml;Creamy liquid;526
Mango khilaf ;fruity liquid;527
Cup corn 100ml;Creamy liquid;528
Pod vaporeso podstick;pod system;529
Vaporeso podstick catdrige;pod system;530
Garuda rda;atomizer;531
Dot mod aio coil;tools;532
Panolia salt 30ml;saltnic;533
Catdrige oumier;pod system;534
Connector vinci/rpm;tools;535
Oumier pod;pod system;536
Mr nobleman;Creamy liquid;537
Frezze;fruity liquid;538
Sub ohm / pbj 60ml;fruity liquid;539
King reserve 30ml;Creamy liquid;540
Regal puding;Creamy liquid;541
Aegis boost pod;pod system;542
Gdheyevevebe;fruity liquid;543
blave mocktail;fruity liquid;544
mr sarmento;Creamy liquid;545
Booze creamy 60ml;Creamy liquid;546
ice foria salt 30ml;saltnic;547
coil aegis boost/pro;tools;548
djiwa mint salt 30ml;saltnic;549
catdrige x caliburn;pod system;550
manhatan 60ml;Creamy liquid;551
caliburn x pod ;pod system;552
Dua 100ml;Creamy liquid;553
Driptip brotips;tools;554
Dotmod aio v2;tools;555
Vanillalicios salt;Creamy liquid;556
berry mochi jrx;Creamy liquid;557
Project one;Creamy liquid;558
gantungan kecil;pod system;559
freakin donut 60ml;Creamy liquid;560
Gotek X pod;pod system;561
obeng T;tools;562
tesla shinyo;device;563
akk singel;tools;564
manhatan skippi;pod system;565
Minuman nipis madu;tools;566
...;tools;567
...;tools;568
...;tools;569
minuman teh pucuk;tools;570
...;tools;571
ursa baby pro pod;pod system;572
Nixie 60ml;Creamy liquid;573
american breakfast 100ml;Creamy liquid;574
sub ohm donut 100ml;Creamy liquid;575
berry begals 100ml;Creamy liquid;576
Ye eis wbwish;fruity liquid;577
aegis boost rba;pod system;578
charger awt 4 slot;tools;579
alfonso mango;fruity liquid;580
zeus dual ;device;581
ejm cream 60ml;Creamy liquid;583
Yellow salt;pod system;584
Artery nugget aio;pod system;585
Exceed RBA;pod system;586
Es krim juice nation;Creamy liquid;587
Beoni 60ml;Creamy liquid;588
Lxxy 60ml;Creamy liquid;589
Daily dream salt;pod system;590
Puff lime soda salt;pod system;591
Minimal/milkman salt USA;pod system;592
mango madnes;fruity liquid;593
donald 60ml ;Creamy liquid;594
Magic cake salt 30ml;saltnic;595
leather fetch;tools;596
rba artery ;tools;597
rba nugget;pod system;598
upods v3;pod system;599
Mix you 60ml;Creamy liquid;600
faq salt 15ml;pod system;601
clapton 20rb;tools;602
Oat drips 100ml;Creamy liquid;603
Thumb pod;pod system;604
Fizz salt;pod system;605
rincoe manto pro;device;606
hermit salt;Creamy liquid;608
Rincoe manto aio;pod system;611
Exceed grip pro;pod system;612
Oris rda;atomizer;613
Vinci x limited pod;pod system;614
Kaca rta dead rabbit v3;Creamy liquid;616
Reload S Gunmetal ;pod system;617
 batre cylaid 3100mah;tools;618
alpen grip;Creamy liquid;619
dead rabbit v2 rda garuda;atomizer;620
coil manto aio;pod system;621
catdrige boost;tools;622
Caliburn koko prime pod;pod system;623
uwell crown ;pod system;624
Milky oats;Creamy liquid;625
smok rpm 80 pro kit;pod system;626
vinci air pod;pod system;627
Sundance salt;pod system;628
Adaptor aegis boost;pod system;629
baccarat 60ml;Creamy liquid;630
oatzy 60ml;Creamy liquid;631
Magnum opus;fruity liquid;632
gyla 60ml;Creamy liquid;633
Ursa pocket pod;pod system;634
Holy water;fruity liquid;635
premium mochi banana;Creamy liquid;636
catdrige manto aio;pod system;637
mr coffe 15ml;pod system;638
trixzoo ice;fruity liquid;639
American dessert 60ml;fruity liquid;640
Drip tip 510/810 aleader;tools;641
tauren solo rda;atomizer;642
mango dance salt;fruity liquid;643
slushy ice 100ml;fruity liquid;644
pbj r57;Creamy liquid;645
es buah 60ml;Creamy liquid;646
thelema mini mod;device;647
aegist boost catdrige +  coil;pod system;648
Wlcm frozen 60ml;fruity liquid;649
Don Cookies 60ml;Creamy liquid;650
ejm funky monkey 60ml;pod system;651
Bukan liquid kw 60ml;fruity liquid;652
yogu vapezoo 60ml;fruity liquid;653
aksara 60ml ;Creamy liquid;654
zoo tech pod;pod system;655
zoo tech coil;pod system;656
Gsgshs;pod system;657
tokyo lychee 60ml;fruity liquid;658
sunday 100ml;Creamy liquid;659
malibu mango;fruity liquid;660
...;tools;661
minuman good day;pod system;662
petik mangga;Creamy liquid;663
blackties 100ml;atomizer;664
target mod 100;pod system;665
smoant charon mini mod;device;666
moti x mini ct;tools;667
rocket rda ;pod system;668
subohm hexohm;Creamy liquid;669
sir panda;Creamy liquid;670
Double mango public;fruity liquid;671
watermelonku salt;pod system;672
runa ice;fruity liquid;673
Eno liquid 60ml;Creamy liquid;674
cake drip salt 30ml;saltnic;675
milk boy;Creamy liquid;676
ultima liquid;Creamy liquid;677
Aqua salt 30ml;pod system;678
No cloud r57 30ml;pod system;679
Apple fuji 60ml;fruity liquid;680
Mantul salt 30ml;pod system;681
Rba zootech;tools;683
Melon/choco milk 60ml;Creamy liquid;684
kori creamy 60ml;device;685
mighty 100ml;device;686
flix 100ml;Creamy liquid;687
moti x mini pod;pod system;688
bolu by farm;Creamy liquid;689
yoghurt drip salt 30ml;saltnic;690
kaze 60ml;Creamy liquid;691
uno 60ml;pod system;692
k-pop caramel;Creamy liquid;693
vapor tiger claw pod;pod system;694
vapor tiger coil;tools;695
bukan liquid kw salt;pod system;696
coffe frame salt;pod system;697
sunset trip freebase 60ml;fruity liquid;698
holi granola 100ml;Creamy liquid;699
lanyard usb type c;tools;700
fabulous custard;Creamy liquid;701
Wise smile;Creamy liquid;702
Odo pod;pod system;703
Odo catridge;pod system;704
smok rpm 80 kit;pod system;705
on cloud pod;pod system;706
Waimarie salt 30ml;pod system;707
Cotton king;tools;708
Burjo emkay 100ml;Creamy liquid;709
Tiga banana 60ml;Creamy liquid;710
..;pod system;711
hannya mod v2;device;712
dua salt nic 30ml;pod system;713
chocollo wafer 60ml;Creamy liquid;714
rumus 60ml;Creamy liquid;715
candyman salt 30ml;pod system;716
berry shaker;Creamy liquid;717
cylaid charger ;pod system;718
tokio 60ml;Creamy liquid;719
Hollynation 60ml;Creamy liquid;720
lunar zooro 60ml;Creamy liquid;721
Catridge smok fetch;pod system;722
Flag Ejuice 60ml;Creamy liquid;723
minuman pulpy orange ;tools;724
...;tools;725
kiwari 100ml ;Creamy liquid;726
dovpo mod mvv2 carbon ;tools;727
Hexohm oframe mod;device;728
Mvp uranus mod;device;729
Voopo navi;pod system;730
grape berry 100ml;fruity liquid;731
batre cylaid 2500mah;tools;732
kubi pod lite;device;733
buaqita salt 30ml;saltnic;734
Nonano 60ml;fruity liquid;735
Oat flakes 100ml;Creamy liquid;736
Artisan coffe 60ml;Creamy liquid;737
Smok alike kit;pod system;738
Satyr liquid;Creamy liquid;740
go drip;Creamy liquid;741
rv boost mango;fruity liquid;742
ticket oreo;fruity liquid;743
smok fetch pro kit 80;pod system;744
Kue lebaran emkay;Creamy liquid;745
Flappy 100ml;Creamy liquid;746
Susu bro 100ml;Creamy liquid;747
sultan nano rda;tools;748
niu nai 100ml;Creamy liquid;749
dead rabbit se rda;device;750
ejm frapp 60ml;Creamy liquid;751
fruity pop 60ml;fruity liquid;752
my oat 100ml;Creamy liquid;753
drip mango 100ml;fruity liquid;754
lunar zooey 60ml;Creamy liquid;755
Aegis touch T200 mod;device;756
super coll;fruity liquid;758
noir liquid;Creamy liquid;759
Tokban extra;Creamy liquid;760
Venti 100ml;Creamy liquid;761
Frozen 100ml;fruity liquid;762
paradewa oatdin 60ml;Creamy liquid;763
Moon rabbit 60ml;Creamy liquid;764
Hadaly clone;tools;765
es krim mall 100ml;Creamy liquid;766
Coil narada pro;pod system;767
Frosty zoo 60ml;fruity liquid;768
Blackwood tobaco;Creamy liquid;769
Teh legit;tools;771
Jarvis pod;pod system;772
Catridge jarvis;pod system;773
Paradewa fruity 60ml;fruity liquid;774
Dueuebwb;Creamy liquid;775
Smoant knight 80;pod system;776
Recoil Rda;atomizer;777
glu 100ml;fruity liquid;778
english breakfast 60ml;Creamy liquid;779
lunar sweet fruity 60ml;fruity liquid;780
oat drip salt 30ml;Creamy liquid;781
Grape currant 60ml;fruity liquid;782
Pixie salt ;pod system;783
Matcha latte signature;Creamy liquid;784
Owl regal milk 100ml;Creamy liquid;785
Juicy fruit 100ml;fruity liquid;786
Ohm shake 100ml;Creamy liquid;787
Drag s pod;pod system;788
tokyo lychee salt 30ml;saltnic;789
Milk bananas 100ml;Creamy liquid;790
Floats 100ml;Creamy liquid;791
ursa nano s pod;pod system;792
Mix you salt 30ml;saltnic;793
Wd 100ml;Creamy liquid;794
Zoo jade tiger liquid 100ml;Creamy liquid;795
Starskee 100ml;fruity liquid;796
Xlim pro pod;pod system;797
tshsjr;pod system;798
Druga v2;device;799
Rpm lite;pod system;800
Lucky drip 100ml;Creamy liquid;801
Hookla 100ml;Creamy liquid;802
Taro licious 100ml;Creamy liquid;803
smoant knight coil;Creamy liquid;804
subcreme 60ml;Creamy liquid;805
Kz pink;tools;806
Aegis max;device;807
super mletek;tools;808
Good deh 60ml;Creamy liquid;809
Cerealis pod friendly;Creamy liquid;810
manto pro promo ;device;811
Stick q 100ml;Creamy liquid;812
exceed grip lama;pod system;813
Oxva coil origin x;tools;814
Fcukin donut 60ml;Creamy liquid ;815
Oxva origin se;Creamy liquid;816
Singapore cake 100ml;Creamy liquid;817
Vinci x promo;device;818
Cmw 100ml;Creamy;819
King of cloude 100ml;Creamy liquid;821
Blondies 100ml;Creamy liquid;822
Roti bandara 100ml;Creamy liquid;823
Centuria 100ml;Creamy liquid;824
Big boom 100ml;Creamy liquid;826
Mangopy/grappy 100ml;fruity liquid;827
Koala cotton;tools;828
Kawat coil master;tools;829
dmoon salt 30ml;saltnic;830
Upods salt 30ml;pod system;831
Mis 100ml;Creamy liquid;832
Pocky bro 100ml;Creamy liquid;833
Tot rda;tools;834
Too brook;Creamy liquid;835
Wasp nano dual;tools;836
Thelema pod;tools;837
Coil thelema / ursa;tools;838
Alpen berry 100ml;Creamy liquid;839
Le bleu;Creamy liquid;840
Holly fiber 100ml;Creamy liquid;841
Good break;Creamy liquid;842
Batre m6;tools;843
Mocktail 100ml;Creamy;844
Drag x pod;Creamy liquid;845
Aegis pod;pod system;846
Garilo single;tools;847
Double zz 60ml;Creamy;849
Coil aegis pod;Device;850
Speedbunny 100ml;Creamy;851
Thelema solo CE;Creamy liquid;852
Cream raisin 100ml;Creamy liquid;853
Wasp nano stick;device;854
hannya airtok pod;pod system;855
Legend milk 60ml;Creamy liquid;856
Jarvis pro;pod system;857
Mr coffe 100ml;Creamy;858
Una 100ml;Creamy liquid;859
Utoshi 60ml;Creamy liquid;860
Doric Q ct;tools;861
Oxva origin mini;pod system;862
Zootech batre;tools;863
Ngeboel 60ml;Creamy liquid;864
Mamelon 60ml;Creamy;865
caliburn g2 pod;pod system;866
Coil caliburn g;pod system;867
Damascus wire singel;tools;868
Damascus wire dual;tools;869
Drag max;device;870
Crackz 30ml;Creamy liquid;871
Drip passion 100ml;fruity liquid;872
Crunchz bar promo 100ml ;Creamy liquid;873
Ursa nano limited 2023;pod system;874
Adapter drag s/x;tools;875
Aqua 100ml;fruity liquid;876
Runa 100ml;Creamy liquid;877
Freya 60ml;Creamy liquid;878
ggggg;Creamy liquid;879
fgfgdgdgd;Creamy liquid;880
Crunchy oat 60ml;Creamy liquid;881
Kim singel;tools;882
Chesekey 100ml ;Creamy;883
Bunga deposito 100ml;Creamy;884
Hero 57 30ml;Creamy;885
Zootech k2 charger;pod system;886
Juta 100ml;fruity liquid;887
Zoolyfe 100ml;Creamy;888
awt 3000mah;tools;889
Lunar ice cream 60ml;Creamy;890
Mango dance 100ml;fruity liquid;891
Gdgeyegdyevee;fruity liquid;892
Manja 60ml;fruity liquid;894
Cake monster 100ml;Creamy;895
r57 kit zavier mod;tools;896
Bebs liquid 100ml;Creamy;898
Dead rabbit rta ;pod system;899
Kope 100ml;Creamy;900
Artha v1.5 authentic;atomizer;901
Banabear 100ml;Creamy;902
Brothers 60ml;Creamy;903
Yoyo single coil;tools;904
Yoyo dual coil;tools;905
Sip 100ml;Creamy;906
Snack tetra 100ml ;Creamy;907
Fruity pop salt;Creamy;908
vrk x4 pro charger;tools;909
Viscuit 100ml;Creamy;910
Voopo argus;tools;911
Utoshi 100ml;Creamy;912
Nyc 60ml;tools;913
american breakfast salt 30ml;pod system;914
Ultra 60ml;Creamy;915
Foom salt 30ml;pod system;916
Minuman coffe bear;tools;917
Compass 100ml;Creamy;918
Owreally 60ml;Creamy;919
Promo 15ml;Creamy;920
Promo 30ml;Creamy;921
Promo 60ml;Creamy;922
Promo 100ml ;Creamy;923
Dualistic 100ml;Creamy;924
Koil 100ml;Creamy;925
Pinx 100ml;Creamy;926
Aegis boost pro kit;pod system;927
Oxvazoo 100ml;Creamy;928
Avoris 60ml;Creamy;929
Candu v4 100ml;Creamy;930
Kuro sigil100ml;Creamy;931
Latt mjolk 100ml;Creamy;932
Argus pro 80;Creamy;933
 Carlo 100ml;Creamy;934
San fransisca 100ml;Creamy;936
Monkilo 100ml;Creamy;937
...;tools;938
Garilo dual ;Creamy;939
Argus x pod;pod system;940
Dovpo panda mod;atomizer;941
Oxva x limited;pod system;942
Taurent rta ;tools;943
Sugarlips 100ml;fruity liquid;944
Paper works 100ml;Creamy liquid;945
Taro cheese milk 100ml;Creamy liquid;946
Laten vapezoo 60ml;Creamy liquid;947
Desche;tools;948
Wippy 60ml ;Creamy;949
My oat pod series 30ml;Creamy;950
Big ball 60ml;Creamy;951
Hotcig r kit mod;device;952
Minus two 100ml;Creamy;953
Kyoto banana 60ml;Creamy liquid;954
Suzu 100ml;Creamy liquid;955
Maell 100ml;fruity liquid;956
Monster vape lab 100ml;Creamy liquid;957
Tiga 100ml;Creamy;958
Timeless 60ml;Creamy;959
Vrk 2500mah;device;960
Tot rta;device;961
Druga foxy one;Creamy;962
Oat killer 100ml;Creamy;964
Toolkits blacksmith;tools;965
Drag s retro;pod system;966
Manto beast mod;tools;967
Denkaw 100ml;Creamy;968
Ramune 60ml;Creamy;969
Cush man nasty 60ml;fruity liquid;970
Coil jupiter ;pod system;971
Thaici salt ;pod system;972
Komodo movi 30ml;Creamy liquid;973
Niu nai salt ;Creamy;974
Liquid movie ketengan 15ml;Creamy;975
Grus mod ;atomizer;976
Gaur mod;Creamy;977
Nafs 100ml;Creamy;978
Drag x plus tank;atomizer;979
Drag x plus mod;atomizer;980
Stadz 60ml ;Creamy;981
Catdrige drag s/x;Creamy;982
Bacco r57 30ml;Creamy;983
..;Creamy;984
Crazyrich 100ml;Creamy;985
Candyman milky 60ml;Creamy;986
Milky pedia 60ml;Creamy;987
Centaurus dna 250c mod;device;988
Ti roti 100ml;Creamy;989
Wakacaw mango 100ml;Creamy;990
Kremo 100ml;Creamy;991
Rta juggerknot v2 ;atomizer;992
Tokyoman salt 30ml;Creamy;993
Floats 100ml promo ;Creamy;994
...;Creamy;995
Locost 100ml promo;Creamy;996
Munchies 100ml;Creamy;997
Tokyo banana classic/ultimate 60ml;Creamy;998
Xlim C ct;device;999
Mango/grape killer 60ml;fruity liquid;1000
Hot juice 100ml;Creamy;1001
Minuman orange water;fruity liquid;1002
Makbet regal 100ml;Creamy;1003
Ultra 100ml;Creamy;1004
Nineties 100ml;Creamy;1005
Niu nai x 100ml;Creamy;1006
Urban 60ml;Creamy;1007
Ukeri pod ;pod system;1008
latt mjolk salt 30ml;Creamy liquid;1009
Baron 100ml;Creamy;1010
Oat drips v4 100ml;Creamy;1011
Leker 100ml;Creamy;1012
Drag 3 mod;atomizer;1013
Susu murni nasional 100ml;Creamy;1014
Kata juragan;Creamy;1015
Ursa quest;atomizer;1016
Juju 100ml;Creamy;1017
Chinong 100ml;Creamy;1018
Tiramisu emkay 60ml;Creamy;1019
Hexohm liquid 60ml;Creamy;1020
Candyman milky salt pocket;pod system;1021
Oat killer salt ;Creamy;1022
Xross 2 pod;device;1023
Xross catdrige;Creamy;1024
Roti sobek 100ml;Creamy;1025
Krusty crapes 100ml;Creamy;1026
Mace pod 80 watt;pod system;1027
Patron 100ml;Creamy;1028
Freakin donut 100ml;Creamy;1029
Kuka aio box kit;device;1030
Vtc 6a 21700;tools;1031
Chezze masterpiece 100ml;Creamy;1032
My oat masterpiece 100ml;Creamy;1033
Bucin 60ml;Creamy;1034
Dc mochese 60ml;Creamy;1035
Tiger wong 100ml;Creamy;1036
movi liquid 60ml;Creamy;1037
vinci pod kit;device;1038
vinci pod kit catridge;too32;1039
Caliburn neat pod;Creamy;1040
Dripper 30ml;atomizer;1041
Catdrige neat ;Creamy;1042
Tetew 100ml;Creamy;1043
supreme single;tools;1044
supreme dual;tools;1045
Delish relish 60ml;Creamy;1046
Hanker rda ;device;1047
Latina 100ml;Creamy;1048
Juta salt 30ml;pod system;1049
Aegis boost luxury le ;device;1050
Hotcig R150;device;1051
Voopo tank ;atomizer;1052
Kaze 15ml;Creamy;1053
Mango blast 15ml;fruity liquid;1054
minuman golda;Creamy;1055
Bebs salt ;Creamy;1056
Fruitylicios 100ml;fruity liquid;1057
basreng kecil;Creamy;1058
basreng besar;Creamy;1059
Jelly box mod;device;1060
Bondan 100ml;Creamy;1061
Berry mochi 100ml;Creamy;1062
Baperstuff;Creamy;1063
Zupper 100ml;Creamy;1064
les bonbon salt 30ml;saltnic;1065
Juicenation salt 15ml;Creamy;1066
Smok thallo pod;atomizer;1067
Snack tetra salt 30ml;Creamy;1068
Coil smok 2;Creamy;1069
Toolkits mini;Creamy;1070
brother coil;atomizer;1071
Gsgdgegehe;Creamy;1072
vtc 5 batre;Creamy;1073
Vrk 3000mah;atomizer;1074
Cream raisin black 100ml;Creamy;1075
Dua salt 15ml;Creamy;1076
serena by for revenge salt 30ml;saltnic;1077
minuman le mineral;fruity liquid;1078
Cheeze masterpiece 30ml salt ;Creamy;1079
Vinci 2 pod;pod system;1080
nitrous rda plus;tools;1081
samsung 21700;tools;1082
aegis legend 2 kit;device;1083
drop single;tools;1084
emkay belly/jelly 100ml;Creamy;1085
bad bunny lite ;Creamy;1086
Gsgshshs;fruity liquid;1087
grillz 100ml;Creamy liquid;1088
zux out wild cracks 100ml;Creamy liquid;1089
harvest 60ml;fruity liquid;1090
water boy 60ml;Creamy liquid;1091
lunatic coil;device;1092
paradewa oatdin salt 30ml;saltnic;1093
Rispek 100ml;Creamy;1094
grooven 60ml;Creamy liquid;1095
beard up 60ml;Creamy;1096
takjil 100ml;Creamy;1097
Sugar daddy 100ml;Creamy;1098
Druga x panda;Creamy;1099
Drag mini;atomizer;1100
Mister moron 100ml;Creamy;1101
Legend banana oat ;Creamy;1102
Barrel 60ml;Creamy;1103
big meal 100ml;Creamy;1104
Crazy donut 100ml;Creamy;1105
Quake strwberry 60ml;Creamy;1106
captain malt 100ml;Creamy;1107
roasting 60ml;Creamy;1108
bluezy 60ml;Creamy;1109
fruit houze 60ml;fruity liquid;1110
start 100ml;Creamy;1111
milky way promo 100ml;Creamy;1112
etseeet;Creamy;1113
tor sparkling 100ml;Creamy;1114
Dji mango pineapple 100ml;Creamy;1115
Supreme hook 60ml;Creamy;1116
twisted sundae lama;Creamy;1117
makmur liquid 100ml;Creamy;1118
drunk dessert 100ml;Creamy;1119
Aegis nano pod ;atomizer;1120
Movi district one 21 60ml;Creamy;1121
Payu 100ml;Creamy;1122
Soju 100ml;Creamy;1123
Eazy pod;atomizer;1124
Eazy catdrige ;Creamy;1125
Aegis legend 2 mod ;device;1126
paradewa fruity salt 30ml;pod system;1127
Cerita lama 60ml;Creamy;1128
coil voopoo TPP;tools;1129
Double zz 100ml ;Creamy;1130
Nyx 100ml;fruity liquid;1131
goest cleaner 60ml;tools;1132
Hahsbshs;atomizer;1133
inhale coil dual;tools;1134
Relx catridge;tools;1135
Scream 100ml ;Creamy;1136
Smok wave ;pod system;1137
Aegis nano catdrige;atomizer;1138
Tigerwong salt;Creamy;1139
Macedonia 100ml;Creamy liquid;1140
Driptip Komodo 810;tools;1141
Talo x RDA;tools;1142
Key 60ml;Creamy;1143
Macedonia 30ml;Creamy;1144
..;Creamy;1145
Kim tm ;atomizer;1146
Oris Trix 60ml;Creamy liquid;1147
Luap 100ml;Creamy liquid;1148
Siva sweet marble 100ml;fruity liquid;1149
Kubi plus pod;pod system;1150
kubi plus catridge;pod system;1151
batre eizfan 3100mah;device;1152
Champion 60ml;Creamy;1153
Fruitylicios salt 15ml ;Creamy;1154
Kapas shogun ;tools;1155
Ursa mini ;atomizer;1156
Yoyo TM;tools;1157
Soul Keeper 60ml;Creamy;1158
Roti kismis 100ml;Creamy liquid;1159
Hokkaido cheese 100ml;Creamy;1160
Andromeda 100ml ;Creamy;1161
Charger komodo;tools;1162
Cheesee bar 100ml;Creamy;1163
Thelema quest clear;atomizer;1164
Druga clone;tools;1165
Atomix Fiber;tools;1166
Tokyo cookies 100ml;Creamy;1167
Caliburn a2 pod ;device;1168
..;tools;1169
Semesta 60ml;Creamy liquid;1170
Wenax pod kit;atomizer;1171
Wenax catdrige ;device;1172
Es teh 100ml;fruity liquid;1173
Latt mjolk v4;Creamy liquid;1174
Drip coffe 15ml;Creamy;1175
Sugar baby 100ml;Creamy;1176
The legend velvet 60ml;Creamy;1177
Snackers 60ml;atomizer;1178
Drag s pro;atomizer;1179
Beauty ring nitrous;atomizer;1180
Lunar sweet mango salt 15ml;Creamy;1181
King kong salt ;Creamy;1182
Kaze salt 30ml;fruity liquid;1183
Mtl idj 30ml;pod system;1184
Kakoi 60ml;Creamy;1185
AN Rda;tools;1186
Lunatic coil;tools;1187
Coil ursa mini;tools;1189
Floops 100ml;Creamy liquid;1191
Muffin & Xes 100ml;Creamy;1192
American Fruity 60ml;fruity liquid;1193
Thelema quest carbon;atomizer;1194
Slank poppies 100ml;Creamy;1195
My donut 100ml;Creamy;1196
Peewee 100ml;Creamy;1197
Savage by oura 100ml;Creamy liquid;1198
Moshi 100ml;Creamy liquid;1199
Awe 100ml;Creamy liquid;1200
Yoghurt drip 100ml;Creamy;1201
Candyman blast salt 30ml;Creamy;1202
 Batre molicell 2600;atomizer;1203
Makanan beng beng;tools;1204
ESP coil;tools;1205
Glu salt 30ml;fruity liquid;1206
Isekai 100ml;Creamy;1207
Makanan basreng;Creamy;1208
RPM 4 pod;device;1209
 Croffle boy 30ml;Creamy;1210
Ijoy neptune x pod ;atomizer;1211
Catdrige neptune;device;1212
foom pod x folkative;pod system;1213
Nitrous rda singel;atomizer;1214
Emperor 60ml;Creamy;1215
jellybox nano coil;tools;1216
Golden butter 100ml;atomizer;1217
Frasa 60ml;Creamy;1218
Susuan;Creamy liquid;1219
Tiger wong V2 100ml;fruity liquid;1220
Twister 100ml;Creamy liquid;1221
American Dessert time 100ml;Creamy liquid;1222
Kaca rta zeus x;Creamy liquid;1223
Dead rabbit V3 rda;tools;1224
Argus pro carbon;atomizer;1225
Jacklyn choppers 60ml;Creamy;1226
Muffin killer 100ml;Creamy liquid;1227
Muffin killer 60ml;Creamy;1228
Es krim mall 60ml;atomizer;1229
Renova zero 2;Creamy;1230
Makpyar 60ml;atomizer;1231
Lakley bananola 100ml;Creamy;1232
Ursa nano pod;Creamy;1233
Grape berry/lychee salt 30ml;Creamy;1234
nasty salt 30ml;atomizer;1235
Mael lee salt 30ml;Creamy liquid;1236
killer 60ml;Creamy liquid;1237
Ursa catridge ;atomizer;1238
Drag nano 2 catridge;tools;1239
Bqs coil usa;atomizer;1240
Torch rta;atomizer;1241
Iceland salt 30ml;Creamy liquid;1242
Babe 100ml;Creamy;1243
Golden marie 100ml;Creamy;1244
Drag nano 2 pod;Creamy;1245
Vaporeso gtx 40;atomizer;1246
Catdrige gtx 40;atomizer;1247
Croffle boy 1 pack isi 3;Creamy liquid;1248
Soda sparkling 100ml;fruity liquid;1249
Happi crunch 100ml;Atomizer;1250
Chocomalt 100ml;atomizer;1251
Mem coil;Creamy;1252
Vaporeso gtx 80 ;pod system;1253
Drag x pnp kit;atomizer;1254
candyman ice 60ml;fruity liquid;1255
flix 100ml;Creamy;1256
berry es krim;Creamy liquid;1257
catridge caliburn g;device;1258
stok lama;atomizer;1259
Salt kuy 15ml;Creamy;1260
Salt mars 30ml;Creamy;1261
Aluna 100ml;Creamy;1262
Low cost 100ml;Creamy;1263
Three sixty 60ml;Creamy;1264
Meal time 100ml;Creamy;1265
Ora brew salt ;Creamy;1266
Salt packer 30ml;Creamy;1267
Oxva xlim pod;atomizer;1268
Nusantara 100ml;Creamy;1269
Coil gtx ;atomizer;1270
Minuman milku;Creamy;1271
Roar coil;atomizer;1272
Candu 100ml;Creamy liquid;1273
D moon 100ml;Creamy;1274
Urban 100ml juice;Creamy;1275
Caliburn ak2 pod;atomizer;1276
Mletre 100ml;Creamy;1277
Mix max guava 100ml;Creamy;1278
Istick pico 2;atomizer;1279
Gear rta v2;atomizer;1280
Gelatos 100ml;Creamy;1281
Abidin 60ml;pod system;1282
Voopo pnp tank;atomizer;1283
Vinci royal pod;atomizer;1284
Vinci q;atomizer;1285
Xlim catridge;tools;1286
Coxlyman coxgugu 60ml;Creamy;1287
Rockets 100ml;Creamy;1288
Splitz 100ml;Creamy;1289
Thanksomia 100ml;Creamy;1290
Cug 100ml;Creamy;1291
sagwa 30ml;Creamy;1292
Blarr 60ml;Creamy;1293
Destiny rta;atomizer;1294
Happi crunch 30ml salt;Creamy liquid;1295
Juta 60ml;Creamy liquid;1296
Aflo pod;atomizer;1297
Ice leccy salt ;Creamy;1298
Jelly box mini;atomizer;1299
Dua 60ml;atomizer;1300
Athena hermes salt 30ml;Creamy;1301
Kdest charger 4 slot;Creamy liquid;1302
O rama salt 15ml;Creamy;1303
Bqs asgard;Creamy;1304
Bqs sandvik;Creamy;1305
Mael donuts 60ml;Creamy;1306
Terang boelan / ropang 60ml;Creamy;1307
My wedding 60ml;Creamy;1308
Roti sisir 60ml;atomizer;1309
Vtc 7;Creamy;1310
Aflo catdrige;Creamy liquid;1311
Oat drip 60ml ;Creamy;1312
Munchies 60ml;Creamy;1313
Secret 60ml;Creamy;1314
Kz gold dual;Creamy;1315
Catridge caliburn a2/ak 2;atomizer;1316
Kz singel premium;Creamy liquid;1317
Cookies & cream 60ml;Creamy;1318
Thelema solo;Creamy;1319
Snack tetra 60ml;Creamy;1320
Mrk liquid 60ml;Creamy;1321
Lakley bananola 30ml;Creamy;1322
Dewa separuh nafas 60ml;Creamy;1323
Happi crunch 60ml ;atomizer;1324
Hellbeast rda ;atomizer;1325
Croffle trouble 60ml;atomizer;1326
Roti bandara 60ml;atomizer;1327
Beku 60ml;atomizer;1328
Big bang 60ml;Creamy;1329
Krusty krapes 60ml;atomizer;1330
Cream thai tea;Creamy;1331
Bahamas/galapagos salt 30ml;atomizer;1332
Cream raisin 30ml;Creamy;1333
Frambozen 30ml;atomizer;1334
Nikmat 60ml;Creamy;1335
Luxxs & zuxxs 60ml;atomizer;1336
Es teh 60ml;Creamy;1337
Exo 15ml salt;Creamy;1338
Wasp nano v2 ;Creamy;1339
Sucks yb 60ml;atomizer;1340
Choco boo 60ml ;atomizer;1341
Skal 60ml;fruity liquid;1342
troll x rta;atomizer;1343
Rta fatt rabbit solo;Creamy;1344
Latt mjlok 60ml;Creamy;1345
Miru 60ml;Creamy;1346
Sweet marbel 60ml;Creamy;1347
Bolu merinti 100ml;Creamy;1348
The hype 60ml;Creamy;1349
Mix max 60ml;Creamy;1350
Malomo coil singel;atomizer;1351
Virus 60ml;Creamy;1352
...;Creamy;1353
...;Creamy;1354
...;Creamy;1355
Newton salt 30ml;Creamy;1356
Elo salt 15ml;Creamy;1357
Komodo lanyard;atomizer;1358
Cup corn salt 30ml;atomizer;1359
Aeglos coil;tools;1360
Alexa box mod ;Creamy;1361
Munchies salt 30ml;Creamy;1362
American fruity salt 30ml;atomizer;1363
Mletre salt 30ml;Creamy;1364
Rilla salt 30ml;atomizer;1365
Relx pod;Creamy liquid;1366
...;Creamy;1367
Sabotage 100ml;Creamy;1368
Muffin & xes 60ml;Creamy;1369
Dose salt 30ml ;Creamy;1370
Waffle 60ml;Creamy;1371
Chocomalt 60ml;Creamy;1372
Bibir 60ml;Creamy;1373
Oxva xlim se;Creamy;1374
Booze fruity 60ml;Creamy;1375
Fla & furious 60ml;Creamy;1376
La costa 100ml;Creamy;1377
Mael lee 60ml;Creamy;1378
Oh my pastry 60ml;Creamy;1379
Ct minican;Creamy;1380
Cheese bread 60ml;Creamy;1381
Melds 60ml;Creamy;1382
Melted 100ml;Creamy;1383
Milk zhake 100ml;Creamy;1384
Nasty asap grape 60ml;Creamy;1385
Dovpo mvp 2 coil gear;Creamy;1386
Newton 60ml;Creamy;1387
Nora liquid 60ml;Creamy;1388
All black 15ml;Creamy;1389
Coxlyman salt 30ml;Creamy;1390
ffff;Creamy;1391
Etnix salt 30ml;Creamy;1392
Icepedia 30ml salt;Creamy;1393
King mango salt 15ml;Creamy;1394
Minican pod v2;Creamy;1395
Wenax m1 pod ;Creamy;1396
Vaporeso gen 80s ;Creamy;1397
Cream raisin 60ml;Creamy;1398
Kdest 3600mah;device;1399
Dpro mini;Creamy;1400
Danish pastry 100ml;Creamy;1401
O rama 60ml;atomizer;1402
Kdest 3058mah;Creamy;1403
Cyborg quest mod;Creamy;1404
Croffle lacreme 60ml;Creamy;1405
Es teh 30ml salt;Creamy;1406
Rpm 5 pod;Creamy liquid;1407
makna 60ml;Creamy;1408
Caliburn g pod;Creamy;1409
Pod exo kit ;Creamy;1410
vrk 3500mah;atomizer;1411
kopi jiwa salt 30ml;saltnic;1412
semesta tanah salt;atomizer;1413
sop buah 60ml;Creamy;1414
golden butter 60ml;atomizer;1415
my oat 60ml;Creamy;1416
una salt 30ml;Creamy;1417
popreel pod ;atomizer;1418
neo salt 15ml;Creamy;1419
glu salt 15ml;Creamy;1420
glu 60ml;Creamy;1421
pulse aio kit;Creamy;1422
aflo salt 15ml;atomizer;1423
Crackz 60ml;Creamy liquid;1424
alexa rda 24;atomizer;1425
tiger wong 60ml;atomizer;1426
naughty 100ml;Creamy;1427
orion mini pod;atomizer;1428
imren charger 2 slot;atomizer;1429
popreel ct ;0;1430
chicago 60ml;0;1431
imren charger 4 slot;0;1432
snowy 60ml;0;1433
bakerman 60ml;0;1434
senja 60ml;0;1435
denkaw 60ml;0;1436
royale 60ml;0;1437
pain aux raisin 60ml;0;1438
nougat crumble 60ml;0;1439
aroma 60ml;0;1440
black menthol salt 30ml;0;1441
foxy salt 15ml;0;1442
blackwood masterpiece salt 30ml;0;1443
minuman kopi dang;0;1444
andromeda 60ml;0;1445
drunz 60ml;0;1446
goyang lidah 60ml;0;1447
macedonia 60ml;0;1448
candu salt 30ml;0;1449
palma 30ml;atomizer;1450
ursa baby pod;0;1451
orion mini catdrige;0;1452
ursa nano pink;0;1453
aladdin bbox pod;0;1454
ct aladdin ;atomizer;1455
cheeze masterpiece 60ml;atomizer;1456
drip tip booster 810/510;atomizer;1457
minus two 60ml;atomizer;1458
gelatos 60ml;0;1459
blondies 60ml;Creamy;1460
krspy 60ml;0;1461
mango persik 100ml;0;1462
Croffle trouble 30ml salt;Creamy;1463
elixir 30ml;0;1464
energy drip 60ml;Creamy;1465
sebats 30ml;Creamy;1466
coil orion mini ;Creamy;1467
ab salt 30ml;0;1468
creamy pedia 30ml;atomizer;1469
rincoe jellybox pod;0;1470
coil rincoe jelly;0;1471
chocomalt salt 30ml;0;1472
mango puding 60ml;0;1473
nex 30ml;0;1474
ecoo salt 15ml;0;1475
pisang ijo 60ml;atomizer;1476
butter coffe salt 15ml;0;1477
prana pod ;Creamy;1478
prana catdrige;atomizer;1479
yoghurt drip 60ml;atomizer;1480
roll cake 100ml;atomizer;1481
snack house 30ml salt;Creamy;1482
mohawk 60ml;atomizer;1483
asmodus 100watt;atomizer;1484
billet box sxk;atomizer;1485
alacarte 60ml 2023;0;1486
argus gt 2 mod;atomizer;1487
paradewa coklat/strwberry 60ml;atomizer;1488
lanyard mek 25rb;Creamy;1489
podlott salt 15ml;atomizer;1490
foom pod x;atomizer;1491
pan pan durian 100ml;Creamy;1492
salt latt ice 30ml;Creamy;1493
foom x catdrige ;Creamy;1494
caliburn gk2 pod;atomizer;1495
argus pod;atomizer;1496
argus pod catdrige;atomizer;1497
zuxxs/luxxs 30ml salt;atomizer;1498
dta shogun;atomizer;1499
dmoon 60ml;Creamy;1500
havana 60ml;Creamy;1501
klepon kaki 5 60ml;Creamy;1502
toasty 60ml;atomizer;1503
booze salt 30ml;Creamy;1504
oxva origin 2 kit;atomizer;1505
salt 40 30ml;Creamy;1506
secret salt 30ml;saltnic;1507
ice box 30ml;atomizer;1508
cake lady 60ml;Creamy;1509
kaguya 60ml;Creamy;1510
go to salt 30ml;Creamy;1511
tokyo cookies 60ml;Creamy;1512
Krusty krapes 30ml salt;Creamy;1513
Muffin & xes salt 30ml;Creamy;1514
freesx pod;Creamy;1515
freesx coil;Creamy;1516
dovpo panda vee2 mod;atomizer;1517
savage recall 60ml;Creamy;1518
meepo 60ml;Creamy;1519
mintys 60ml;atomizer;1520
frootz pop 60ml;Creamy;1521
korean series 15ml salt ;Creamy;1522
elo salt 30ml;Creamy;1523
salt me 30ml;Creamy;1524
..;Creamy;1525
dexx icy wave 30ml salt;Creamy;1526
groovy 60ml;Creamy;1527
xros mini;Creamy;1528
zugus 30ml salt;Creamy;1529
aroma 30ml;Creamy;1530
nitcore charger 4slot;Creamy;1531
dose lite 15ml;Creamy;1532
xros nano limited;Creamy;1533
dead rabbit v3 rta;atomizer;1534
Waffle 100ml;atomizer;1535
bondan 60ml;Creamy;1536
centaurus q200;Creamy;1537
drag q;atomizer;1538
coil drag q;atomizer;1539
thelema quest pink;atomizer;1540
wd salt 30ml;atomizer;1541
eazy liquid 60ml;Creamy;1542
niu tea 60ml;Creamy;1543
tarterie 60ml;Creamy;1544
makmur salt 30ml;Creamy;1545
lanyard mek 15rb;0;1546
centaurus q 80;atomizer;1547
american breakfast 60ml;atomizer;1548
snack salt 15ml;atomizer;1549
kik wire;Creamy;1550
proven suicide 60ml;atomizer;1551
feelin pod;atomizer;1552
ct feelin ;Creamy;1553
endora 60ml;Creamy;1554
miru salt 15ml;atomizer;1555
pop sens salt 15ml;Creamy;1556
eazy salt 15ml;Creamy;1557
obelisk mod 200w;atomizer;1558
kdest charger 1 slot;Creamy;1559
nikmat salt 30ml;saltnic;1560
flamenco salt 30ml;saltnic;1561
kleporn 60ml;Creamy;1562
Bestie salt 30ml;saltnic;1563
candy house 60ml;Creamy;1564
cigpet capo mod;Creamy;1565
miss king kong 60ml;Creamy;1566
Beatrix 60ml;Creamy;1567
Pastry time 60ml;atomizer;1568
Legend box mod;Creamy liquid;1569
my butter 60ml;Creamy;1570
blondies 15ml salt;Creamy;1571
j min 60ml;Creamy;1572
es krim mall salt 30ml;Creamy;1573
drag s pnp ;Creamy;1574
jus mangga salt 30ml;Creamy;1575
bit drip salt 15ml;Creamy;1576
top side mod;Creamy;1577
asvape mod ;Creamy;1578
crush candy 60ml;atomizer;1579
brazilian mango/grape 60ml;Creamy;1580
jus mangga/strwberry 60ml;Creamy;1581
melds salt 30ml;Creamy;1582
my oat salt 15ml;Creamy;1583
driper 15ml ;atomizer;1584
wasp nano max rta;atomizer;1585
una 60ml;Creamy;1586
ceria 60ml;Creamy;1587
v mate e pod;atomizer;1588
v mate infinity pod;atomizer;1589
v mate ct;atomizer;1590
rda wotofo srpnt;atomizer;1591
tocastra 100ml;Creamy;1592
andromeda salt 15ml;Creamy;1593
mango hanifa 100ml;atomizer;1594
upods 60ml;atomizer;1595
caliburn a2s pod;atomizer;1596
caliburn koko prime limited;atomizer;1597
sop buah salt 30ml;Creamy;1598
zaku 60ml;atomizer;1599
dead rabbit max;atomizer;1600
vtc 5a preva ;atomizer;1601
slank 60ml;atomizer;1602
elixir 60ml;atomizer;1603
centaurus q 200 kit;atomizer;1604
the one 60ml;atomizer;1605
Nevoks/Feelin coil;atomizer;1606
the hype 30ml;Creamy;1607
alexa z rda;atomizer;1608
rispek 60ml;atomizer;1609
uniq 60ml;Creamy;1610
pisang rakyat 60ml;Creamy;1611
popreel pk1 ;pod system;1612
beku salt 15ml;fruity liquid;1613
Brew Master 60ml;Creamy;1614
flamenco 60ml;fruity liquid;1615
kopi jinak 60ml;Creamy;1616
sigil 60ml;Creamy;1617
ursa nano pro pod;atomizer;1618
kayon rda;atomizer;1619
custard monster 60ml;Creamy;1620
oxva vatif super mod;device;1621
kloppers 60ml;Creamy;1622
awt 2600mah;device;1623
atomix hyper blend kapas;device;1624
screaming 60ml;Creamy;1625
yogz 60ml;Creamy;1626
cheskey 60ml;Creamy;1627
WD fantasy 60ml;fruity liquid;1628
micool pod kit;pod system;1629
black coffee 60ml;Creamy;1630
ejm nafas 60ml;fruity liquid;1631
bingo 60ml;Creamy;1632
promo 100ml september;Creamy;1633
kdest charger x2s;atomizer;1634
cornelia 60ml;Creamy;1635
etnix 60ml;Creamy;1636
fansoda salt 30ml;fruity liquid;1637
wakacaw 60ml;Creamy;1638
nusantara 60ml;Creamy;1639
argus xt mod;device;1640
hannya toolkit;tools;1641
forse 60ml;Creamy;1642
ego salt 15ml;Creamy;1643
mantul 60ml;Creamy;1645
lanyard kulit;atomizer;1646
fatality m30 rta;atomizer;1647
dovpo mvp 2023;atomizer;1648
abidin 30ml;atomizer;1649
Candu 60ml;Creamy;1650
breekay 60ml;Creamy;1651
starling coffe 60ml;Creamy;1652
pisang rakyat 30ml;Creamy;1653
foom x starter kit pod;device;1654
drip state 60ml;Creamy;1655
foom cartridge lama;device;1656
booze salt 15ml;fruity liquid;1657
slmcdz 60ml;Creamy;1659
batre LG hg2 3000mah;device;1660
kuy v3 podlott;pod system;1661
Micool ct;device;1662
vapeband;device;1663
cthulhu aio box mod;device;1664
aegis touch T200 kit;device;1665
super cool 60ml;fruity liquid;1666
snack mango/grape 60ml;Creamy;1667
morse salt 15ml;Creamy;1668
salterz 30ml;Creamy;1669
bebs 60ml;Creamy;1670
lunar 88 60ml;Creamy;1671
Xlim SQ;pod system;1672
wisman coil;Creamy;1673
Catridge caliburn a2s;device;1674
pastry & cream 60ml;Creamy;1675
vrk 21700;device;1676
Kawa kawa liquid 60ml;Creamy liquid;1677
golden boy 60ml;Creamy;1679
drag e60 pod;atomizer;1680
drag h80s pod;atomizer;1681
sweet marbel 30ml;Creamy;1682
Fck liquid 60ml;Creamy liquid;1683
nevoks apx pod;atomizer;1684
nevoks apx ct;atomizer;1685
jrx 30ml salt;Creamy;1686
aegis solo kit;atomizer;1687
coil duo aio;device;1688
coil duo rda;device;1689
coil quattro aio;device;1690
eno salt 15ml;fruity liquid;1691
nafs 60ml;Creamy;1692
creamsie whimsie 60ml;Creamy;1693
naka salt 15ml;fruity liquid;1694
scream salt 30ml;Creamy;1695
joiway s1 pod;pod system;1696
s1 liquid joiway 30ml;fruity liquid;1697
drag h/e tw coil ;device;1698
pandora dot rba;atomizer;1699
berrycide 60ml;Creamy;1700
batre molicell 2800;device;1701
trilogy ice salt 30ml;saltnic;1703
mongrel rda;device;1704
key rda;device;1705
rv milk series 30ml;saltnic;1706
eazy pod x abivape;pod system;1707
snack houze 60ml;Creamy;1708
solus kit pod ;pod system;1709
solus ct;device;1710
lexy liquid 60ml;Creamy;1711
chizzu 60ml;Creamy;1712
blaze solo rda ;device;1713
joiway s1 ct;catridge;1714
argus mt mod;device;1715
my butter salt 15ml;saltnic;1716
krspy salt 30ml;saltnic;1718
slank salt 15ml;saltnic;1719
dub salt 30ml;saltnic;1720
awt 3300mah;device;1721
naked 60ml;Creamy;1722
cold salt 30ml;saltnic;1723
catridge vinci pod v2;device;1724
frizz salt 30ml;saltnic;1725
emkay blast series salt 30ml;saltnic;1726
eco d11 kit;device;1727
american drink 60ml;fruity liquid;1728
argus pod limited edition;pod system;1729
argus p1 pod;pod system;1730
banaboo 60ml;Creamy;1731
ambarita black bone 60ml;Creamy;1732
aspire gotek s pod;pod system;1733
catridge aspire gotek;device;1734
blackcell batre 2400mah;tools;1735
drex rda;atomizer;1736
vtc 6 preva;device;1737
Caliburn a3 pod;pod system;1738
Catridge caliburn a3/ak3;catridge;1739
dotpod nano pod;pod system;1740
Dotpod nano ct;catridge;1741
vinci q & bit drips bundling;bundle;1742
v mate infinity & swtch bundling;bundle;1743
alaglace 60ml;fruity liquid;1744
sus mama 60ml;catridge;1745
aspire cloudflask world cup pod;atomizer;1746
banshee mod;atomizer;1747
Cloudflask 3 coil;device;1748
butter coffe luwak;Creamy liquid;1749
american drink salt 30ml;saltnic;1750
Promo erge 100ml ;Creamy liquid;1751
Promo erge 60ml;Creamy liquid;1752
Hello! Salt 30ml;saltnic;1753
omnipod salt 15ml;saltnic;1754
vinci pod se;pod system;1755
san fransisca 60ml;Creamy liquid;1756
dinasty salt 30ml;saltnic;1757
jellybox nano 2 pod;pod system;1758
polar 60ml;fruity liquid;1759
golden butter salt 30ml;saltnic;1760
kdest 21700 5000mah;device;1762
banyu 60ml;Creamy;1763
walrus salt 15ml;saltnic;1764
ijoy neptune cmw pod;pod system;1765
lunar hexohm strawberry salt 30ml;saltnic;1766
Caliburn ak3 pod;pod system;1767
argus z pod;pod system;1768
golden marie 60ml;Creamy liquid;1769
trippy 60ml;fruity liquid;1770
trippy salt 30ml;saltnic;1771
baccarat salt 30ml;saltnic;1772
xlim c pod;pod system;1773
dead rabbit solo rda;atomizer;1774
jellybox xs pod;pod system;1775
centaurus m200 mod;device;1776
java pods salt 30ml;saltnic;1777
rusty candy salt 30ml;saltnic;1778
nitrous rda 24 rdta;atomizer;1779
s1 liquid joiway 15ml;saltnic;1780
Kuy podlott v3 starter pack;bundle;1781
soonix 60ml;Creamy liquid;1782
vaporesso gen air 40;pod system;1783
Roly poly salt 30ml;saltnic;1784
Awt 3500mah;device;1785
Xlim C coil;catridge;1786
korean drips 60ml;Creamy liquid;1787
centaurus solo rda;atomizer;1788
ketan jinak 60ml;Creamy liquid;1789
driptip komodo SS;device;1790
mighty 30ml;fruity liquid;1791
manto aio plus;atomizer;1792
Centaurus M200 muklay mod;device;1793
Zeal pod;pod system;1794
Mondae 60ml;Creamy liquid;1795
les bonbon 60ml;fruity liquid;1796
Krusty krapes salt 15ml;saltnic;1797
joiway s1 nano pod;pod system;1798
oat drip salt 15ml;Creamy;1799
warlock 60ml;Creamy;1800
dovpo d2 catdrige;0;1801
limpid pod;atomizer;1802
venus nano pod;atomizer;1803
melonpan 60ml;catridge;1804
why 60ml;bundle;1805
cap panda 60ml;atomizer;1806
fake orgasm 60ml;atomizer;1807
ego belt salt 30ml;catridge;1808
meepo 30ml salt;atomizer;1809
Eno salt 30ml;saltnic;1810
cake drip 60ml;atomizer;1811
Ego lust salt 30ml;saltnic;1812
ipods jvs;atomizer;1813
ipods ct;device;1815
fcukin donat salt 30ml;catridge;1816
X liquid 60ml;Creamy;1817
Argus g pod;device;1818
Radix ice salt 30ml;saltnic;1819
driptip 510 komodo;catridge;1820
Mythic glory 60ml;Creamy;1821
Moti play coil;device;1822
korean drips regal 60ml;Creamy liquid;1823
ejm aqua 60ml;Creamy liquid;1824
ejm marsmallow banana 60ml;atomizer;1825
ejm donut vanilla 60ml;catridge;1826
ejm k cereal 60ml;atomizer;1827
ejm aqua salt 30ml;atomizer;1828
ejm nafas salt 30ml;bundle;1829
ejm tickets 60ml;catridge;1830
ejm k cereal salt 30ml;bundle;1831
ejm marsmallow banana salt 30ml;Creamy liquid;1832
ejm cream salt 30ml;saltnic;1833
 cool water 60ml;bundle;1834
bubble pedia 60ml;Creamy liquid;1835
drag m100 kit ;atomizer;1837
foom x bundling;atomizer;1838
la cream salt 15ml;bundle;1839
zulu salt 30ml;saltnic;1840
RJM 60ml ;bundle;1841
coffe pedia 60ml;atomizer;1842
coffe pedia 30ml salt;atomizer;1843
polar 30ml;atomizer;1844
Joiway galaxy pod;pod system;1845
ghost rabbit 60ml;atomizer;1846
